date,year,month,temp_c,country
1901-01-15,1901,1,24.7,Grenada
1901-02-15,1901,2,24.8,Grenada
1901-03-15,1901,3,25.4,Grenada
1901-04-15,1901,4,26.2,Grenada
1901-05-15,1901,5,26.8,Grenada
1901-06-15,1901,6,26.3,Grenada
1901-07-15,1901,7,26.3,Grenada
1901-08-15,1901,8,26.5,Grenada
1901-09-15,1901,9,26.2,Grenada
1901-10-15,1901,10,25.8,Grenada
1901-11-15,1901,11,25.3,Grenada
1901-12-15,1901,12,24.5,Grenada
1902-01-15,1902,1,24.1,Grenada
1902-02-15,1902,2,24.3,Grenada
1902-03-15,1902,3,24.5,Grenada
1902-04-15,1902,4,25.5,Grenada
1902-05-15,1902,5,26.4,Grenada
1902-06-15,1902,6,26.2,Grenada
1902-07-15,1902,7,26.0,Grenada
1902-08-15,1902,8,26.4,Grenada
1902-09-15,1902,9,26.1,Grenada
1902-10-15,1902,10,25.6,Grenada
1902-11-15,1902,11,25.5,Grenada
1902-12-15,1902,12,24.8,Grenada
1903-01-15,1903,1,24.3,Grenada
1903-02-15,1903,2,24.5,Grenada
1903-03-15,1903,3,24.7,Grenada
1903-04-15,1903,4,25.5,Grenada
1903-05-15,1903,5,26.3,Grenada
1903-06-15,1903,6,26.3,Grenada
1903-07-15,1903,7,26.3,Grenada
1903-08-15,1903,8,26.3,Grenada
1903-09-15,1903,9,26.3,Grenada
1903-10-15,1903,10,26.0,Grenada
1903-11-15,1903,11,25.3,Grenada
1903-12-15,1903,12,24.5,Grenada
1904-01-15,1904,1,23.9,Grenada
1904-02-15,1904,2,24.1,Grenada
1904-03-15,1904,3,24.2,Grenada
1904-04-15,1904,4,25.3,Grenada
1904-05-15,1904,5,26.0,Grenada
1904-06-15,1904,6,26.0,Grenada
1904-07-15,1904,7,26.0,Grenada
1904-08-15,1904,8,26.0,Grenada
1904-09-15,1904,9,26.2,Grenada
1904-10-15,1904,10,25.4,Grenada
1904-11-15,1904,11,25.4,Grenada
1904-12-15,1904,12,24.6,Grenada
1905-01-15,1905,1,24.3,Grenada
1905-02-15,1905,2,23.8,Grenada
1905-03-15,1905,3,24.3,Grenada
1905-04-15,1905,4,25.7,Grenada
1905-05-15,1905,5,25.8,Grenada
1905-06-15,1905,6,26.0,Grenada
1905-07-15,1905,7,26.2,Grenada
1905-08-15,1905,8,26.4,Grenada
1905-09-15,1905,9,26.4,Grenada
1905-10-15,1905,10,25.8,Grenada
1905-11-15,1905,11,25.6,Grenada
1905-12-15,1905,12,24.3,Grenada
1906-01-15,1906,1,24.0,Grenada
1906-02-15,1906,2,24.0,Grenada
1906-03-15,1906,3,24.6,Grenada
1906-04-15,1906,4,25.4,Grenada
1906-05-15,1906,5,26.2,Grenada
1906-06-15,1906,6,25.8,Grenada
1906-07-15,1906,7,25.9,Grenada
1906-08-15,1906,8,26.3,Grenada
1906-09-15,1906,9,26.0,Grenada
1906-10-15,1906,10,26.1,Grenada
1906-11-15,1906,11,25.6,Grenada
1906-12-15,1906,12,24.1,Grenada
1907-01-15,1907,1,23.9,Grenada
1907-02-15,1907,2,24.0,Grenada
1907-03-15,1907,3,24.4,Grenada
1907-04-15,1907,4,25.3,Grenada
1907-05-15,1907,5,25.6,Grenada
1907-06-15,1907,6,25.7,Grenada
1907-07-15,1907,7,26.0,Grenada
1907-08-15,1907,8,26.1,Grenada
1907-09-15,1907,9,26.2,Grenada
1907-10-15,1907,10,25.8,Grenada
1907-11-15,1907,11,25.3,Grenada
1907-12-15,1907,12,24.6,Grenada
1908-01-15,1908,1,24.1,Grenada
1908-02-15,1908,2,23.9,Grenada
1908-03-15,1908,3,24.2,Grenada
1908-04-15,1908,4,25.1,Grenada
1908-05-15,1908,5,25.5,Grenada
1908-06-15,1908,6,25.9,Grenada
1908-07-15,1908,7,26.0,Grenada
1908-08-15,1908,8,26.2,Grenada
1908-09-15,1908,9,26.3,Grenada
1908-10-15,1908,10,25.7,Grenada
1908-11-15,1908,11,25.1,Grenada
1908-12-15,1908,12,24.8,Grenada
1909-01-15,1909,1,23.9,Grenada
1909-02-15,1909,2,24.1,Grenada
1909-03-15,1909,3,24.9,Grenada
1909-04-15,1909,4,25.5,Grenada
1909-05-15,1909,5,26.0,Grenada
1909-06-15,1909,6,25.6,Grenada
1909-07-15,1909,7,25.9,Grenada
1909-08-15,1909,8,26.0,Grenada
1909-09-15,1909,9,26.0,Grenada
1909-10-15,1909,10,25.7,Grenada
1909-11-15,1909,11,25.3,Grenada
1909-12-15,1909,12,24.1,Grenada
1910-01-15,1910,1,23.6,Grenada
1910-02-15,1910,2,24.0,Grenada
1910-03-15,1910,3,24.1,Grenada
1910-04-15,1910,4,25.0,Grenada
1910-05-15,1910,5,26.1,Grenada
1910-06-15,1910,6,26.0,Grenada
1910-07-15,1910,7,25.9,Grenada
1910-08-15,1910,8,26.1,Grenada
1910-09-15,1910,9,26.1,Grenada
1910-10-15,1910,10,25.8,Grenada
1910-11-15,1910,11,25.6,Grenada
1910-12-15,1910,12,24.8,Grenada
1911-01-15,1911,1,24.1,Grenada
1911-02-15,1911,2,23.7,Grenada
1911-03-15,1911,3,24.7,Grenada
1911-04-15,1911,4,25.2,Grenada
1911-05-15,1911,5,25.7,Grenada
1911-06-15,1911,6,26.3,Grenada
1911-07-15,1911,7,25.8,Grenada
1911-08-15,1911,8,26.3,Grenada
1911-09-15,1911,9,26.4,Grenada
1911-10-15,1911,10,25.8,Grenada
1911-11-15,1911,11,25.5,Grenada
1911-12-15,1911,12,24.7,Grenada
1912-01-15,1912,1,24.3,Grenada
1912-02-15,1912,2,24.4,Grenada
1912-03-15,1912,3,24.6,Grenada
1912-04-15,1912,4,25.4,Grenada
1912-05-15,1912,5,26.3,Grenada
1912-06-15,1912,6,26.2,Grenada
1912-07-15,1912,7,26.2,Grenada
1912-08-15,1912,8,26.3,Grenada
1912-09-15,1912,9,26.3,Grenada
1912-10-15,1912,10,25.8,Grenada
1912-11-15,1912,11,25.3,Grenada
1912-12-15,1912,12,24.7,Grenada
1913-01-15,1913,1,23.8,Grenada
1913-02-15,1913,2,24.0,Grenada
1913-03-15,1913,3,24.6,Grenada
1913-04-15,1913,4,25.4,Grenada
1913-05-15,1913,5,26.2,Grenada
1913-06-15,1913,6,25.9,Grenada
1913-07-15,1913,7,25.6,Grenada
1913-08-15,1913,8,25.8,Grenada
1913-09-15,1913,9,26.1,Grenada
1913-10-15,1913,10,25.5,Grenada
1913-11-15,1913,11,24.9,Grenada
1913-12-15,1913,12,24.0,Grenada
1914-01-15,1914,1,24.0,Grenada
1914-02-15,1914,2,24.2,Grenada
1914-03-15,1914,3,24.8,Grenada
1914-04-15,1914,4,25.1,Grenada
1914-05-15,1914,5,25.6,Grenada
1914-06-15,1914,6,25.9,Grenada
1914-07-15,1914,7,25.7,Grenada
1914-08-15,1914,8,25.7,Grenada
1914-09-15,1914,9,26.0,Grenada
1914-10-15,1914,10,25.3,Grenada
1914-11-15,1914,11,25.1,Grenada
1914-12-15,1914,12,24.8,Grenada
1915-01-15,1915,1,24.3,Grenada
1915-02-15,1915,2,24.2,Grenada
1915-03-15,1915,3,25.1,Grenada
1915-04-15,1915,4,25.5,Grenada
1915-05-15,1915,5,26.3,Grenada
1915-06-15,1915,6,26.0,Grenada
1915-07-15,1915,7,25.9,Grenada
1915-08-15,1915,8,26.4,Grenada
1915-09-15,1915,9,26.2,Grenada
1915-10-15,1915,10,26.1,Grenada
1915-11-15,1915,11,25.6,Grenada
1915-12-15,1915,12,24.7,Grenada
1916-01-15,1916,1,23.9,Grenada
1916-02-15,1916,2,24.2,Grenada
1916-03-15,1916,3,24.5,Grenada
1916-04-15,1916,4,25.4,Grenada
1916-05-15,1916,5,26.1,Grenada
1916-06-15,1916,6,25.9,Grenada
1916-07-15,1916,7,25.9,Grenada
1916-08-15,1916,8,26.0,Grenada
1916-09-15,1916,9,26.1,Grenada
1916-10-15,1916,10,25.8,Grenada
1916-11-15,1916,11,25.3,Grenada
1916-12-15,1916,12,24.3,Grenada
1917-01-15,1917,1,23.6,Grenada
1917-02-15,1917,2,23.7,Grenada
1917-03-15,1917,3,24.1,Grenada
1917-04-15,1917,4,25.0,Grenada
1917-05-15,1917,5,26.2,Grenada
1917-06-15,1917,6,26.1,Grenada
1917-07-15,1917,7,26.0,Grenada
1917-08-15,1917,8,25.7,Grenada
1917-09-15,1917,9,26.0,Grenada
1917-10-15,1917,10,25.5,Grenada
1917-11-15,1917,11,25.4,Grenada
1917-12-15,1917,12,24.5,Grenada
1918-01-15,1918,1,23.8,Grenada
1918-02-15,1918,2,23.8,Grenada
1918-03-15,1918,3,24.3,Grenada
1918-04-15,1918,4,24.9,Grenada
1918-05-15,1918,5,25.8,Grenada
1918-06-15,1918,6,26.2,Grenada
1918-07-15,1918,7,26.0,Grenada
1918-08-15,1918,8,26.2,Grenada
1918-09-15,1918,9,26.5,Grenada
1918-10-15,1918,10,26.0,Grenada
1918-11-15,1918,11,25.4,Grenada
1918-12-15,1918,12,24.3,Grenada
1919-01-15,1919,1,23.7,Grenada
1919-02-15,1919,2,24.2,Grenada
1919-03-15,1919,3,24.7,Grenada
1919-04-15,1919,4,25.2,Grenada
1919-05-15,1919,5,26.1,Grenada
1919-06-15,1919,6,26.3,Grenada
1919-07-15,1919,7,25.9,Grenada
1919-08-15,1919,8,26.1,Grenada
1919-09-15,1919,9,26.2,Grenada
1919-10-15,1919,10,25.5,Grenada
1919-11-15,1919,11,24.9,Grenada
1919-12-15,1919,12,24.5,Grenada
1920-01-15,1920,1,23.8,Grenada
1920-02-15,1920,2,23.9,Grenada
1920-03-15,1920,3,24.7,Grenada
1920-04-15,1920,4,25.4,Grenada
1920-05-15,1920,5,25.9,Grenada
1920-06-15,1920,6,25.9,Grenada
1920-07-15,1920,7,25.8,Grenada
1920-08-15,1920,8,26.0,Grenada
1920-09-15,1920,9,26.0,Grenada
1920-10-15,1920,10,25.8,Grenada
1920-11-15,1920,11,25.1,Grenada
1920-12-15,1920,12,24.2,Grenada
1921-01-15,1921,1,24.0,Grenada
1921-02-15,1921,2,24.3,Grenada
1921-03-15,1921,3,24.7,Grenada
1921-04-15,1921,4,24.9,Grenada
1921-05-15,1921,5,26.2,Grenada
1921-06-15,1921,6,25.7,Grenada
1921-07-15,1921,7,25.3,Grenada
1921-08-15,1921,8,25.8,Grenada
1921-09-15,1921,9,26.1,Grenada
1921-10-15,1921,10,25.4,Grenada
1921-11-15,1921,11,25.3,Grenada
1921-12-15,1921,12,24.3,Grenada
1922-01-15,1922,1,23.9,Grenada
1922-02-15,1922,2,23.9,Grenada
1922-03-15,1922,3,24.1,Grenada
1922-04-15,1922,4,24.9,Grenada
1922-05-15,1922,5,25.7,Grenada
1922-06-15,1922,6,25.6,Grenada
1922-07-15,1922,7,25.7,Grenada
1922-08-15,1922,8,25.7,Grenada
1922-09-15,1922,9,26.0,Grenada
1922-10-15,1922,10,25.8,Grenada
1922-11-15,1922,11,25.1,Grenada
1922-12-15,1922,12,23.8,Grenada
1923-01-15,1923,1,23.6,Grenada
1923-02-15,1923,2,23.5,Grenada
1923-03-15,1923,3,23.9,Grenada
1923-04-15,1923,4,25.0,Grenada
1923-05-15,1923,5,26.4,Grenada
1923-06-15,1923,6,25.7,Grenada
1923-07-15,1923,7,25.8,Grenada
1923-08-15,1923,8,26.1,Grenada
1923-09-15,1923,9,26.3,Grenada
1923-10-15,1923,10,25.9,Grenada
1923-11-15,1923,11,25.6,Grenada
1923-12-15,1923,12,24.4,Grenada
1924-01-15,1924,1,23.9,Grenada
1924-02-15,1924,2,24.2,Grenada
1924-03-15,1924,3,24.7,Grenada
1924-04-15,1924,4,25.8,Grenada
1924-05-15,1924,5,26.5,Grenada
1924-06-15,1924,6,25.8,Grenada
1924-07-15,1924,7,25.7,Grenada
1924-08-15,1924,8,25.9,Grenada
1924-09-15,1924,9,26.1,Grenada
1924-10-15,1924,10,25.5,Grenada
1924-11-15,1924,11,25.0,Grenada
1924-12-15,1924,12,24.1,Grenada
1925-01-15,1925,1,23.4,Grenada
1925-02-15,1925,2,23.5,Grenada
1925-03-15,1925,3,24.1,Grenada
1925-04-15,1925,4,25.4,Grenada
1925-05-15,1925,5,26.1,Grenada
1925-06-15,1925,6,25.8,Grenada
1925-07-15,1925,7,25.7,Grenada
1925-08-15,1925,8,25.9,Grenada
1925-09-15,1925,9,26.1,Grenada
1925-10-15,1925,10,25.9,Grenada
1925-11-15,1925,11,25.4,Grenada
1925-12-15,1925,12,25.0,Grenada
1926-01-15,1926,1,24.4,Grenada
1926-02-15,1926,2,24.5,Grenada
1926-03-15,1926,3,25.1,Grenada
1926-04-15,1926,4,25.9,Grenada
1926-05-15,1926,5,26.7,Grenada
1926-06-15,1926,6,26.7,Grenada
1926-07-15,1926,7,26.2,Grenada
1926-08-15,1926,8,26.1,Grenada
1926-09-15,1926,9,26.1,Grenada
1926-10-15,1926,10,25.8,Grenada
1926-11-15,1926,11,25.6,Grenada
1926-12-15,1926,12,24.5,Grenada
1927-01-15,1927,1,23.9,Grenada
1927-02-15,1927,2,23.5,Grenada
1927-03-15,1927,3,24.6,Grenada
1927-04-15,1927,4,25.0,Grenada
1927-05-15,1927,5,25.9,Grenada
1927-06-15,1927,6,25.8,Grenada
1927-07-15,1927,7,25.6,Grenada
1927-08-15,1927,8,25.9,Grenada
1927-09-15,1927,9,26.2,Grenada
1927-10-15,1927,10,25.7,Grenada
1927-11-15,1927,11,25.7,Grenada
1927-12-15,1927,12,24.7,Grenada
1928-01-15,1928,1,24.0,Grenada
1928-02-15,1928,2,24.1,Grenada
1928-03-15,1928,3,24.5,Grenada
1928-04-15,1928,4,25.5,Grenada
1928-05-15,1928,5,26.1,Grenada
1928-06-15,1928,6,25.9,Grenada
1928-07-15,1928,7,25.7,Grenada
1928-08-15,1928,8,25.9,Grenada
1928-09-15,1928,9,26.1,Grenada
1928-10-15,1928,10,25.7,Grenada
1928-11-15,1928,11,25.5,Grenada
1928-12-15,1928,12,24.5,Grenada
1929-01-15,1929,1,23.7,Grenada
1929-02-15,1929,2,24.1,Grenada
1929-03-15,1929,3,24.1,Grenada
1929-04-15,1929,4,25.0,Grenada
1929-05-15,1929,5,25.3,Grenada
1929-06-15,1929,6,25.6,Grenada
1929-07-15,1929,7,25.7,Grenada
1929-08-15,1929,8,25.9,Grenada
1929-09-15,1929,9,25.9,Grenada
1929-10-15,1929,10,25.8,Grenada
1929-11-15,1929,11,25.2,Grenada
1929-12-15,1929,12,24.2,Grenada
1930-01-15,1930,1,23.8,Grenada
1930-02-15,1930,2,24.1,Grenada
1930-03-15,1930,3,24.5,Grenada
1930-04-15,1930,4,25.5,Grenada
1930-05-15,1930,5,26.3,Grenada
1930-06-15,1930,6,26.1,Grenada
1930-07-15,1930,7,25.8,Grenada
1930-08-15,1930,8,26.1,Grenada
1930-09-15,1930,9,26.2,Grenada
1930-10-15,1930,10,26.1,Grenada
1930-11-15,1930,11,25.6,Grenada
1930-12-15,1930,12,24.9,Grenada
1931-01-15,1931,1,24.5,Grenada
1931-02-15,1931,2,24.5,Grenada
1931-03-15,1931,3,25.6,Grenada
1931-04-15,1931,4,26.2,Grenada
1931-05-15,1931,5,26.8,Grenada
1931-06-15,1931,6,26.4,Grenada
1931-07-15,1931,7,26.0,Grenada
1931-08-15,1931,8,26.4,Grenada
1931-09-15,1931,9,26.2,Grenada
1931-10-15,1931,10,26.1,Grenada
1931-11-15,1931,11,25.8,Grenada
1931-12-15,1931,12,24.9,Grenada
1932-01-15,1932,1,24.3,Grenada
1932-02-15,1932,2,24.4,Grenada
1932-03-15,1932,3,25.3,Grenada
1932-04-15,1932,4,26.2,Grenada
1932-05-15,1932,5,26.6,Grenada
1932-06-15,1932,6,26.6,Grenada
1932-07-15,1932,7,26.2,Grenada
1932-08-15,1932,8,26.4,Grenada
1932-09-15,1932,9,26.9,Grenada
1932-10-15,1932,10,26.4,Grenada
1932-11-15,1932,11,26.1,Grenada
1932-12-15,1932,12,25.2,Grenada
1933-01-15,1933,1,24.3,Grenada
1933-02-15,1933,2,23.7,Grenada
1933-03-15,1933,3,24.7,Grenada
1933-04-15,1933,4,25.7,Grenada
1933-05-15,1933,5,26.4,Grenada
1933-06-15,1933,6,26.1,Grenada
1933-07-15,1933,7,26.0,Grenada
1933-08-15,1933,8,26.0,Grenada
1933-09-15,1933,9,26.1,Grenada
1933-10-15,1933,10,25.8,Grenada
1933-11-15,1933,11,25.3,Grenada
1933-12-15,1933,12,24.3,Grenada
1934-01-15,1934,1,23.7,Grenada
1934-02-15,1934,2,23.8,Grenada
1934-03-15,1934,3,24.2,Grenada
1934-04-15,1934,4,25.7,Grenada
1934-05-15,1934,5,26.5,Grenada
1934-06-15,1934,6,26.6,Grenada
1934-07-15,1934,7,26.0,Grenada
1934-08-15,1934,8,26.2,Grenada
1934-09-15,1934,9,26.2,Grenada
1934-10-15,1934,10,25.8,Grenada
1934-11-15,1934,11,25.5,Grenada
1934-12-15,1934,12,24.8,Grenada
1935-01-15,1935,1,24.0,Grenada
1935-02-15,1935,2,23.9,Grenada
1935-03-15,1935,3,24.0,Grenada
1935-04-15,1935,4,25.2,Grenada
1935-05-15,1935,5,25.8,Grenada
1935-06-15,1935,6,25.8,Grenada
1935-07-15,1935,7,25.7,Grenada
1935-08-15,1935,8,25.8,Grenada
1935-09-15,1935,9,26.2,Grenada
1935-10-15,1935,10,25.8,Grenada
1935-11-15,1935,11,25.4,Grenada
1935-12-15,1935,12,24.6,Grenada
1936-01-15,1936,1,23.9,Grenada
1936-02-15,1936,2,23.9,Grenada
1936-03-15,1936,3,24.9,Grenada
1936-04-15,1936,4,25.5,Grenada
1936-05-15,1936,5,26.4,Grenada
1936-06-15,1936,6,26.1,Grenada
1936-07-15,1936,7,25.7,Grenada
1936-08-15,1936,8,26.0,Grenada
1936-09-15,1936,9,26.2,Grenada
1936-10-15,1936,10,25.7,Grenada
1936-11-15,1936,11,25.3,Grenada
1936-12-15,1936,12,24.3,Grenada
1937-01-15,1937,1,23.8,Grenada
1937-02-15,1937,2,23.9,Grenada
1937-03-15,1937,3,25.0,Grenada
1937-04-15,1937,4,25.6,Grenada
1937-05-15,1937,5,26.5,Grenada
1937-06-15,1937,6,26.4,Grenada
1937-07-15,1937,7,26.0,Grenada
1937-08-15,1937,8,26.4,Grenada
1937-09-15,1937,9,26.7,Grenada
1937-10-15,1937,10,26.5,Grenada
1937-11-15,1937,11,26.1,Grenada
1937-12-15,1937,12,25.1,Grenada
1938-01-15,1938,1,23.8,Grenada
1938-02-15,1938,2,23.8,Grenada
1938-03-15,1938,3,24.0,Grenada
1938-04-15,1938,4,24.5,Grenada
1938-05-15,1938,5,25.4,Grenada
1938-06-15,1938,6,25.6,Grenada
1938-07-15,1938,7,25.6,Grenada
1938-08-15,1938,8,26.4,Grenada
1938-09-15,1938,9,26.4,Grenada
1938-10-15,1938,10,26.1,Grenada
1938-11-15,1938,11,25.7,Grenada
1938-12-15,1938,12,25.1,Grenada
1939-01-15,1939,1,23.7,Grenada
1939-02-15,1939,2,23.5,Grenada
1939-03-15,1939,3,24.0,Grenada
1939-04-15,1939,4,24.8,Grenada
1939-05-15,1939,5,25.9,Grenada
1939-06-15,1939,6,25.9,Grenada
1939-07-15,1939,7,26.1,Grenada
1939-08-15,1939,8,26.6,Grenada
1939-09-15,1939,9,27.0,Grenada
1939-10-15,1939,10,26.3,Grenada
1939-11-15,1939,11,26.1,Grenada
1939-12-15,1939,12,25.3,Grenada
1940-01-15,1940,1,24.6,Grenada
1940-02-15,1940,2,24.9,Grenada
1940-03-15,1940,3,25.3,Grenada
1940-04-15,1940,4,26.1,Grenada
1940-05-15,1940,5,27.0,Grenada
1940-06-15,1940,6,26.7,Grenada
1940-07-15,1940,7,26.8,Grenada
1940-08-15,1940,8,26.5,Grenada
1940-09-15,1940,9,27.5,Grenada
1940-10-15,1940,10,26.9,Grenada
1940-11-15,1940,11,26.0,Grenada
1940-12-15,1940,12,25.3,Grenada
1941-01-15,1941,1,25.3,Grenada
1941-02-15,1941,2,25.8,Grenada
1941-03-15,1941,3,26.1,Grenada
1941-04-15,1941,4,26.8,Grenada
1941-05-15,1941,5,27.5,Grenada
1941-06-15,1941,6,26.6,Grenada
1941-07-15,1941,7,26.3,Grenada
1941-08-15,1941,8,26.8,Grenada
1941-09-15,1941,9,27.0,Grenada
1941-10-15,1941,10,26.6,Grenada
1941-11-15,1941,11,26.2,Grenada
1941-12-15,1941,12,25.3,Grenada
1942-01-15,1942,1,25.3,Grenada
1942-02-15,1942,2,25.7,Grenada
1942-03-15,1942,3,25.6,Grenada
1942-04-15,1942,4,26.4,Grenada
1942-05-15,1942,5,26.7,Grenada
1942-06-15,1942,6,26.6,Grenada
1942-07-15,1942,7,26.2,Grenada
1942-08-15,1942,8,26.6,Grenada
1942-09-15,1942,9,26.9,Grenada
1942-10-15,1942,10,26.7,Grenada
1942-11-15,1942,11,26.5,Grenada
1942-12-15,1942,12,25.1,Grenada
1943-01-15,1943,1,24.4,Grenada
1943-02-15,1943,2,24.4,Grenada
1943-03-15,1943,3,24.8,Grenada
1943-04-15,1943,4,25.7,Grenada
1943-05-15,1943,5,25.6,Grenada
1943-06-15,1943,6,26.1,Grenada
1943-07-15,1943,7,25.8,Grenada
1943-08-15,1943,8,26.4,Grenada
1943-09-15,1943,9,27.1,Grenada
1943-10-15,1943,10,26.4,Grenada
1943-11-15,1943,11,25.9,Grenada
1943-12-15,1943,12,25.3,Grenada
1944-01-15,1944,1,24.7,Grenada
1944-02-15,1944,2,24.9,Grenada
1944-03-15,1944,3,24.9,Grenada
1944-04-15,1944,4,25.9,Grenada
1944-05-15,1944,5,26.4,Grenada
1944-06-15,1944,6,26.1,Grenada
1944-07-15,1944,7,26.1,Grenada
1944-08-15,1944,8,26.7,Grenada
1944-09-15,1944,9,26.7,Grenada
1944-10-15,1944,10,26.8,Grenada
1944-11-15,1944,11,25.9,Grenada
1944-12-15,1944,12,25.1,Grenada
1945-01-15,1945,1,23.9,Grenada
1945-02-15,1945,2,23.8,Grenada
1945-03-15,1945,3,24.7,Grenada
1945-04-15,1945,4,25.3,Grenada
1945-05-15,1945,5,26.0,Grenada
1945-06-15,1945,6,25.8,Grenada
1945-07-15,1945,7,25.9,Grenada
1945-08-15,1945,8,26.4,Grenada
1945-09-15,1945,9,26.4,Grenada
1945-10-15,1945,10,26.1,Grenada
1945-11-15,1945,11,25.5,Grenada
1945-12-15,1945,12,24.8,Grenada
1946-01-15,1946,1,24.4,Grenada
1946-02-15,1946,2,24.3,Grenada
1946-03-15,1946,3,25.0,Grenada
1946-04-15,1946,4,25.4,Grenada
1946-05-15,1946,5,25.9,Grenada
1946-06-15,1946,6,26.1,Grenada
1946-07-15,1946,7,25.8,Grenada
1946-08-15,1946,8,26.0,Grenada
1946-09-15,1946,9,26.5,Grenada
1946-10-15,1946,10,26.2,Grenada
1946-11-15,1946,11,25.7,Grenada
1946-12-15,1946,12,25.4,Grenada
1947-01-15,1947,1,24.5,Grenada
1947-02-15,1947,2,25.2,Grenada
1947-03-15,1947,3,25.4,Grenada
1947-04-15,1947,4,25.8,Grenada
1947-05-15,1947,5,26.7,Grenada
1947-06-15,1947,6,26.4,Grenada
1947-07-15,1947,7,25.8,Grenada
1947-08-15,1947,8,26.4,Grenada
1947-09-15,1947,9,26.6,Grenada
1947-10-15,1947,10,26.3,Grenada
1947-11-15,1947,11,25.9,Grenada
1947-12-15,1947,12,25.0,Grenada
1948-01-15,1948,1,24.5,Grenada
1948-02-15,1948,2,24.3,Grenada
1948-03-15,1948,3,24.8,Grenada
1948-04-15,1948,4,25.3,Grenada
1948-05-15,1948,5,26.8,Grenada
1948-06-15,1948,6,26.4,Grenada
1948-07-15,1948,7,25.8,Grenada
1948-08-15,1948,8,26.1,Grenada
1948-09-15,1948,9,26.4,Grenada
1948-10-15,1948,10,26.2,Grenada
1948-11-15,1948,11,25.8,Grenada
1948-12-15,1948,12,24.7,Grenada
1949-01-15,1949,1,23.6,Grenada
1949-02-15,1949,2,23.9,Grenada
1949-03-15,1949,3,24.8,Grenada
1949-04-15,1949,4,25.8,Grenada
1949-05-15,1949,5,26.6,Grenada
1949-06-15,1949,6,26.0,Grenada
1949-07-15,1949,7,25.7,Grenada
1949-08-15,1949,8,26.0,Grenada
1949-09-15,1949,9,26.4,Grenada
1949-10-15,1949,10,26.0,Grenada
1949-11-15,1949,11,25.5,Grenada
1949-12-15,1949,12,24.4,Grenada
1950-01-15,1950,1,23.4,Grenada
1950-02-15,1950,2,23.9,Grenada
1950-03-15,1950,3,24.2,Grenada
1950-04-15,1950,4,25.1,Grenada
1950-05-15,1950,5,25.8,Grenada
1950-06-15,1950,6,25.5,Grenada
1950-07-15,1950,7,25.4,Grenada
1950-08-15,1950,8,25.8,Grenada
1950-09-15,1950,9,26.4,Grenada
1950-10-15,1950,10,25.7,Grenada
1950-11-15,1950,11,25.5,Grenada
1950-12-15,1950,12,24.6,Grenada
1951-01-15,1951,1,23.9,Grenada
1951-02-15,1951,2,23.8,Grenada
1951-03-15,1951,3,24.4,Grenada
1951-04-15,1951,4,25.6,Grenada
1951-05-15,1951,5,26.6,Grenada
1951-06-15,1951,6,26.1,Grenada
1951-07-15,1951,7,25.9,Grenada
1951-08-15,1951,8,26.5,Grenada
1951-09-15,1951,9,26.7,Grenada
1951-10-15,1951,10,26.2,Grenada
1951-11-15,1951,11,25.7,Grenada
1951-12-15,1951,12,25.0,Grenada
1952-01-15,1952,1,24.1,Grenada
1952-02-15,1952,2,24.3,Grenada
1952-03-15,1952,3,25.1,Grenada
1952-04-15,1952,4,26.0,Grenada
1952-05-15,1952,5,26.8,Grenada
1952-06-15,1952,6,26.2,Grenada
1952-07-15,1952,7,25.8,Grenada
1952-08-15,1952,8,26.2,Grenada
1952-09-15,1952,9,26.4,Grenada
1952-10-15,1952,10,26.4,Grenada
1952-11-15,1952,11,25.5,Grenada
1952-12-15,1952,12,24.5,Grenada
1953-01-15,1953,1,24.2,Grenada
1953-02-15,1953,2,24.1,Grenada
1953-03-15,1953,3,24.7,Grenada
1953-04-15,1953,4,25.8,Grenada
1953-05-15,1953,5,26.2,Grenada
1953-06-15,1953,6,26.2,Grenada
1953-07-15,1953,7,26.1,Grenada
1953-08-15,1953,8,26.1,Grenada
1953-09-15,1953,9,26.4,Grenada
1953-10-15,1953,10,25.9,Grenada
1953-11-15,1953,11,25.7,Grenada
1953-12-15,1953,12,25.0,Grenada
1954-01-15,1954,1,24.3,Grenada
1954-02-15,1954,2,24.4,Grenada
1954-03-15,1954,3,25.3,Grenada
1954-04-15,1954,4,25.5,Grenada
1954-05-15,1954,5,26.5,Grenada
1954-06-15,1954,6,26.2,Grenada
1954-07-15,1954,7,26.0,Grenada
1954-08-15,1954,8,26.2,Grenada
1954-09-15,1954,9,26.3,Grenada
1954-10-15,1954,10,25.5,Grenada
1954-11-15,1954,11,25.0,Grenada
1954-12-15,1954,12,24.4,Grenada
1955-01-15,1955,1,24.1,Grenada
1955-02-15,1955,2,24.3,Grenada
1955-03-15,1955,3,24.5,Grenada
1955-04-15,1955,4,25.2,Grenada
1955-05-15,1955,5,26.3,Grenada
1955-06-15,1955,6,26.0,Grenada
1955-07-15,1955,7,25.8,Grenada
1955-08-15,1955,8,26.5,Grenada
1955-09-15,1955,9,26.0,Grenada
1955-10-15,1955,10,26.0,Grenada
1955-11-15,1955,11,25.5,Grenada
1955-12-15,1955,12,24.8,Grenada
1956-01-15,1956,1,24.3,Grenada
1956-02-15,1956,2,24.2,Grenada
1956-03-15,1956,3,24.9,Grenada
1956-04-15,1956,4,25.7,Grenada
1956-05-15,1956,5,26.0,Grenada
1956-06-15,1956,6,25.8,Grenada
1956-07-15,1956,7,25.6,Grenada
1956-08-15,1956,8,25.8,Grenada
1956-09-15,1956,9,25.9,Grenada
1956-10-15,1956,10,25.7,Grenada
1956-11-15,1956,11,25.3,Grenada
1956-12-15,1956,12,24.4,Grenada
1957-01-15,1957,1,23.8,Grenada
1957-02-15,1957,2,24.0,Grenada
1957-03-15,1957,3,24.6,Grenada
1957-04-15,1957,4,25.0,Grenada
1957-05-15,1957,5,25.9,Grenada
1957-06-15,1957,6,26.2,Grenada
1957-07-15,1957,7,26.1,Grenada
1957-08-15,1957,8,26.3,Grenada
1957-09-15,1957,9,26.5,Grenada
1957-10-15,1957,10,26.2,Grenada
1957-11-15,1957,11,25.6,Grenada
1957-12-15,1957,12,25.0,Grenada
1958-01-15,1958,1,24.5,Grenada
1958-02-15,1958,2,24.7,Grenada
1958-03-15,1958,3,26.1,Grenada
1958-04-15,1958,4,26.8,Grenada
1958-05-15,1958,5,26.9,Grenada
1958-06-15,1958,6,26.6,Grenada
1958-07-15,1958,7,26.2,Grenada
1958-08-15,1958,8,26.7,Grenada
1958-09-15,1958,9,26.8,Grenada
1958-10-15,1958,10,26.3,Grenada
1958-11-15,1958,11,25.4,Grenada
1958-12-15,1958,12,24.9,Grenada
1959-01-15,1959,1,24.1,Grenada
1959-02-15,1959,2,24.4,Grenada
1959-03-15,1959,3,25.2,Grenada
1959-04-15,1959,4,26.0,Grenada
1959-05-15,1959,5,26.1,Grenada
1959-06-15,1959,6,26.0,Grenada
1959-07-15,1959,7,25.9,Grenada
1959-08-15,1959,8,26.1,Grenada
1959-09-15,1959,9,26.6,Grenada
1959-10-15,1959,10,25.9,Grenada
1959-11-15,1959,11,25.4,Grenada
1959-12-15,1959,12,25.5,Grenada
1960-01-15,1960,1,24.6,Grenada
1960-02-15,1960,2,24.8,Grenada
1960-03-15,1960,3,25.4,Grenada
1960-04-15,1960,4,25.9,Grenada
1960-05-15,1960,5,26.7,Grenada
1960-06-15,1960,6,26.4,Grenada
1960-07-15,1960,7,26.0,Grenada
1960-08-15,1960,8,26.0,Grenada
1960-09-15,1960,9,26.4,Grenada
1960-10-15,1960,10,26.2,Grenada
1960-11-15,1960,11,25.7,Grenada
1960-12-15,1960,12,24.8,Grenada
1961-01-15,1961,1,24.7,Grenada
1961-02-15,1961,2,24.6,Grenada
1961-03-15,1961,3,25.1,Grenada
1961-04-15,1961,4,25.8,Grenada
1961-05-15,1961,5,26.5,Grenada
1961-06-15,1961,6,26.0,Grenada
1961-07-15,1961,7,25.9,Grenada
1961-08-15,1961,8,26.2,Grenada
1961-09-15,1961,9,26.4,Grenada
1961-10-15,1961,10,26.1,Grenada
1961-11-15,1961,11,25.3,Grenada
1961-12-15,1961,12,25.0,Grenada
1962-01-15,1962,1,24.4,Grenada
1962-02-15,1962,2,24.1,Grenada
1962-03-15,1962,3,25.2,Grenada
1962-04-15,1962,4,25.9,Grenada
1962-05-15,1962,5,26.6,Grenada
1962-06-15,1962,6,26.3,Grenada
1962-07-15,1962,7,26.1,Grenada
1962-08-15,1962,8,26.0,Grenada
1962-09-15,1962,9,26.5,Grenada
1962-10-15,1962,10,26.4,Grenada
1962-11-15,1962,11,25.8,Grenada
1962-12-15,1962,12,25.1,Grenada
1963-01-15,1963,1,24.6,Grenada
1963-02-15,1963,2,24.7,Grenada
1963-03-15,1963,3,25.0,Grenada
1963-04-15,1963,4,25.9,Grenada
1963-05-15,1963,5,26.2,Grenada
1963-06-15,1963,6,26.2,Grenada
1963-07-15,1963,7,26.0,Grenada
1963-08-15,1963,8,26.7,Grenada
1963-09-15,1963,9,26.6,Grenada
1963-10-15,1963,10,26.6,Grenada
1963-11-15,1963,11,25.7,Grenada
1963-12-15,1963,12,25.3,Grenada
1964-01-15,1964,1,24.1,Grenada
1964-02-15,1964,2,24.8,Grenada
1964-03-15,1964,3,25.3,Grenada
1964-04-15,1964,4,25.8,Grenada
1964-05-15,1964,5,26.4,Grenada
1964-06-15,1964,6,26.0,Grenada
1964-07-15,1964,7,25.9,Grenada
1964-08-15,1964,8,26.3,Grenada
1964-09-15,1964,9,26.4,Grenada
1964-10-15,1964,10,25.8,Grenada
1964-11-15,1964,11,25.4,Grenada
1964-12-15,1964,12,23.8,Grenada
1965-01-15,1965,1,23.9,Grenada
1965-02-15,1965,2,23.9,Grenada
1965-03-15,1965,3,24.9,Grenada
1965-04-15,1965,4,25.2,Grenada
1965-05-15,1965,5,26.3,Grenada
1965-06-15,1965,6,25.8,Grenada
1965-07-15,1965,7,26.1,Grenada
1965-08-15,1965,8,26.1,Grenada
1965-09-15,1965,9,26.5,Grenada
1965-10-15,1965,10,26.2,Grenada
1965-11-15,1965,11,25.9,Grenada
1965-12-15,1965,12,25.2,Grenada
1966-01-15,1966,1,24.9,Grenada
1966-02-15,1966,2,24.7,Grenada
1966-03-15,1966,3,25.3,Grenada
1966-04-15,1966,4,26.0,Grenada
1966-05-15,1966,5,26.4,Grenada
1966-06-15,1966,6,26.1,Grenada
1966-07-15,1966,7,26.2,Grenada
1966-08-15,1966,8,26.3,Grenada
1966-09-15,1966,9,26.2,Grenada
1966-10-15,1966,10,26.3,Grenada
1966-11-15,1966,11,25.8,Grenada
1966-12-15,1966,12,24.9,Grenada
1967-01-15,1967,1,24.4,Grenada
1967-02-15,1967,2,24.5,Grenada
1967-03-15,1967,3,24.4,Grenada
1967-04-15,1967,4,25.3,Grenada
1967-05-15,1967,5,26.1,Grenada
1967-06-15,1967,6,26.2,Grenada
1967-07-15,1967,7,25.8,Grenada
1967-08-15,1967,8,26.1,Grenada
1967-09-15,1967,9,26.4,Grenada
1967-10-15,1967,10,26.2,Grenada
1967-11-15,1967,11,25.5,Grenada
1967-12-15,1967,12,24.7,Grenada
1968-01-15,1968,1,23.9,Grenada
1968-02-15,1968,2,24.3,Grenada
1968-03-15,1968,3,24.8,Grenada
1968-04-15,1968,4,25.4,Grenada
1968-05-15,1968,5,26.3,Grenada
1968-06-15,1968,6,26.2,Grenada
1968-07-15,1968,7,26.1,Grenada
1968-08-15,1968,8,26.2,Grenada
1968-09-15,1968,9,26.4,Grenada
1968-10-15,1968,10,26.2,Grenada
1968-11-15,1968,11,25.7,Grenada
1968-12-15,1968,12,25.1,Grenada
1969-01-15,1969,1,24.3,Grenada
1969-02-15,1969,2,24.6,Grenada
1969-03-15,1969,3,26.1,Grenada
1969-04-15,1969,4,26.9,Grenada
1969-05-15,1969,5,27.6,Grenada
1969-06-15,1969,6,27.1,Grenada
1969-07-15,1969,7,26.5,Grenada
1969-08-15,1969,8,26.5,Grenada
1969-09-15,1969,9,26.8,Grenada
1969-10-15,1969,10,26.3,Grenada
1969-11-15,1969,11,26.2,Grenada
1969-12-15,1969,12,25.4,Grenada
1970-01-15,1970,1,25.0,Grenada
1970-02-15,1970,2,24.9,Grenada
1970-03-15,1970,3,25.4,Grenada
1970-04-15,1970,4,26.2,Grenada
1970-05-15,1970,5,27.1,Grenada
1970-06-15,1970,6,26.6,Grenada
1970-07-15,1970,7,26.1,Grenada
1970-08-15,1970,8,26.3,Grenada
1970-09-15,1970,9,26.3,Grenada
1970-10-15,1970,10,26.4,Grenada
1970-11-15,1970,11,25.4,Grenada
1970-12-15,1970,12,25.3,Grenada
1971-01-15,1971,1,24.5,Grenada
1971-02-15,1971,2,24.4,Grenada
1971-03-15,1971,3,25.0,Grenada
1971-04-15,1971,4,25.6,Grenada
1971-05-15,1971,5,26.2,Grenada
1971-06-15,1971,6,26.2,Grenada
1971-07-15,1971,7,25.9,Grenada
1971-08-15,1971,8,25.9,Grenada
1971-09-15,1971,9,26.2,Grenada
1971-10-15,1971,10,25.7,Grenada
1971-11-15,1971,11,25.3,Grenada
1971-12-15,1971,12,24.5,Grenada
1972-01-15,1972,1,24.3,Grenada
1972-02-15,1972,2,24.2,Grenada
1972-03-15,1972,3,25.2,Grenada
1972-04-15,1972,4,25.6,Grenada
1972-05-15,1972,5,26.2,Grenada
1972-06-15,1972,6,26.5,Grenada
1972-07-15,1972,7,26.3,Grenada
1972-08-15,1972,8,26.3,Grenada
1972-09-15,1972,9,26.7,Grenada
1972-10-15,1972,10,26.6,Grenada
1972-11-15,1972,11,25.8,Grenada
1972-12-15,1972,12,25.2,Grenada
1973-01-15,1973,1,25.1,Grenada
1973-02-15,1973,2,24.9,Grenada
1973-03-15,1973,3,25.5,Grenada
1973-04-15,1973,4,26.1,Grenada
1973-05-15,1973,5,26.8,Grenada
1973-06-15,1973,6,26.4,Grenada
1973-07-15,1973,7,26.6,Grenada
1973-08-15,1973,8,26.3,Grenada
1973-09-15,1973,9,26.4,Grenada
1973-10-15,1973,10,26.1,Grenada
1973-11-15,1973,11,25.5,Grenada
1973-12-15,1973,12,24.2,Grenada
1974-01-15,1974,1,24.1,Grenada
1974-02-15,1974,2,24.3,Grenada
1974-03-15,1974,3,24.6,Grenada
1974-04-15,1974,4,25.0,Grenada
1974-05-15,1974,5,26.0,Grenada
1974-06-15,1974,6,26.0,Grenada
1974-07-15,1974,7,25.8,Grenada
1974-08-15,1974,8,26.0,Grenada
1974-09-15,1974,9,26.2,Grenada
1974-10-15,1974,10,25.8,Grenada
1974-11-15,1974,11,25.8,Grenada
1974-12-15,1974,12,24.5,Grenada
1975-01-15,1975,1,24.0,Grenada
1975-02-15,1975,2,24.3,Grenada
1975-03-15,1975,3,24.9,Grenada
1975-04-15,1975,4,25.2,Grenada
1975-05-15,1975,5,26.2,Grenada
1975-06-15,1975,6,26.3,Grenada
1975-07-15,1975,7,26.1,Grenada
1975-08-15,1975,8,26.2,Grenada
1975-09-15,1975,9,26.5,Grenada
1975-10-15,1975,10,25.8,Grenada
1975-11-15,1975,11,25.4,Grenada
1975-12-15,1975,12,24.3,Grenada
1976-01-15,1976,1,23.6,Grenada
1976-02-15,1976,2,23.8,Grenada
1976-03-15,1976,3,24.0,Grenada
1976-04-15,1976,4,25.2,Grenada
1976-05-15,1976,5,26.0,Grenada
1976-06-15,1976,6,25.8,Grenada
1976-07-15,1976,7,25.9,Grenada
1976-08-15,1976,8,26.5,Grenada
1976-09-15,1976,9,26.6,Grenada
1976-10-15,1976,10,26.4,Grenada
1976-11-15,1976,11,26.0,Grenada
1976-12-15,1976,12,24.5,Grenada
1977-01-15,1977,1,24.6,Grenada
1977-02-15,1977,2,24.8,Grenada
1977-03-15,1977,3,25.1,Grenada
1977-04-15,1977,4,25.5,Grenada
1977-05-15,1977,5,26.7,Grenada
1977-06-15,1977,6,26.3,Grenada
1977-07-15,1977,7,26.0,Grenada
1977-08-15,1977,8,26.4,Grenada
1977-09-15,1977,9,26.6,Grenada
1977-10-15,1977,10,26.3,Grenada
1977-11-15,1977,11,26.2,Grenada
1977-12-15,1977,12,25.2,Grenada
1978-01-15,1978,1,24.6,Grenada
1978-02-15,1978,2,25.2,Grenada
1978-03-15,1978,3,25.8,Grenada
1978-04-15,1978,4,26.5,Grenada
1978-05-15,1978,5,27.0,Grenada
1978-06-15,1978,6,26.5,Grenada
1978-07-15,1978,7,26.0,Grenada
1978-08-15,1978,8,26.4,Grenada
1978-09-15,1978,9,26.8,Grenada
1978-10-15,1978,10,26.5,Grenada
1978-11-15,1978,11,26.2,Grenada
1978-12-15,1978,12,25.2,Grenada
1979-01-15,1979,1,24.5,Grenada
1979-02-15,1979,2,25.2,Grenada
1979-03-15,1979,3,25.7,Grenada
1979-04-15,1979,4,26.3,Grenada
1979-05-15,1979,5,27.1,Grenada
1979-06-15,1979,6,26.9,Grenada
1979-07-15,1979,7,26.5,Grenada
1979-08-15,1979,8,26.7,Grenada
1979-09-15,1979,9,26.9,Grenada
1979-10-15,1979,10,26.9,Grenada
1979-11-15,1979,11,26.2,Grenada
1979-12-15,1979,12,25.9,Grenada
1980-01-15,1980,1,25.4,Grenada
1980-02-15,1980,2,25.3,Grenada
1980-03-15,1980,3,25.5,Grenada
1980-04-15,1980,4,26.4,Grenada
1980-05-15,1980,5,27.7,Grenada
1980-06-15,1980,6,27.2,Grenada
1980-07-15,1980,7,26.9,Grenada
1980-08-15,1980,8,27.0,Grenada
1980-09-15,1980,9,27.0,Grenada
1980-10-15,1980,10,26.6,Grenada
1980-11-15,1980,11,26.1,Grenada
1980-12-15,1980,12,25.4,Grenada
1981-01-15,1981,1,25.4,Grenada
1981-02-15,1981,2,25.6,Grenada
1981-03-15,1981,3,26.3,Grenada
1981-04-15,1981,4,26.3,Grenada
1981-05-15,1981,5,27.4,Grenada
1981-06-15,1981,6,26.6,Grenada
1981-07-15,1981,7,26.6,Grenada
1981-08-15,1981,8,26.6,Grenada
1981-09-15,1981,9,26.8,Grenada
1981-10-15,1981,10,26.8,Grenada
1981-11-15,1981,11,26.7,Grenada
1981-12-15,1981,12,26.0,Grenada
1982-01-15,1982,1,24.9,Grenada
1982-02-15,1982,2,25.1,Grenada
1982-03-15,1982,3,25.3,Grenada
1982-04-15,1982,4,26.1,Grenada
1982-05-15,1982,5,26.9,Grenada
1982-06-15,1982,6,26.6,Grenada
1982-07-15,1982,7,26.4,Grenada
1982-08-15,1982,8,26.5,Grenada
1982-09-15,1982,9,26.9,Grenada
1982-10-15,1982,10,26.4,Grenada
1982-11-15,1982,11,26.1,Grenada
1982-12-15,1982,12,25.3,Grenada
1983-01-15,1983,1,25.2,Grenada
1983-02-15,1983,2,25.2,Grenada
1983-03-15,1983,3,26.5,Grenada
1983-04-15,1983,4,26.8,Grenada
1983-05-15,1983,5,27.3,Grenada
1983-06-15,1983,6,27.4,Grenada
1983-07-15,1983,7,27.1,Grenada
1983-08-15,1983,8,27.1,Grenada
1983-09-15,1983,9,27.4,Grenada
1983-10-15,1983,10,26.8,Grenada
1983-11-15,1983,11,26.5,Grenada
1983-12-15,1983,12,25.6,Grenada
1984-01-15,1984,1,24.9,Grenada
1984-02-15,1984,2,25.0,Grenada
1984-03-15,1984,3,25.4,Grenada
1984-04-15,1984,4,26.1,Grenada
1984-05-15,1984,5,26.5,Grenada
1984-06-15,1984,6,26.5,Grenada
1984-07-15,1984,7,26.2,Grenada
1984-08-15,1984,8,26.5,Grenada
1984-09-15,1984,9,26.5,Grenada
1984-10-15,1984,10,26.1,Grenada
1984-11-15,1984,11,25.7,Grenada
1984-12-15,1984,12,25.0,Grenada
1985-01-15,1985,1,24.2,Grenada
1985-02-15,1985,2,24.5,Grenada
1985-03-15,1985,3,25.1,Grenada
1985-04-15,1985,4,25.7,Grenada
1985-05-15,1985,5,26.6,Grenada
1985-06-15,1985,6,26.5,Grenada
1985-07-15,1985,7,26.3,Grenada
1985-08-15,1985,8,26.5,Grenada
1985-09-15,1985,9,26.6,Grenada
1985-10-15,1985,10,26.1,Grenada
1985-11-15,1985,11,25.9,Grenada
1985-12-15,1985,12,25.0,Grenada
1986-01-15,1986,1,24.5,Grenada
1986-02-15,1986,2,24.3,Grenada
1986-03-15,1986,3,25.3,Grenada
1986-04-15,1986,4,26.4,Grenada
1986-05-15,1986,5,26.9,Grenada
1986-06-15,1986,6,26.6,Grenada
1986-07-15,1986,7,26.4,Grenada
1986-08-15,1986,8,26.9,Grenada
1986-09-15,1986,9,26.9,Grenada
1986-10-15,1986,10,26.7,Grenada
1986-11-15,1986,11,25.8,Grenada
1986-12-15,1986,12,25.4,Grenada
1987-01-15,1987,1,24.7,Grenada
1987-02-15,1987,2,25.2,Grenada
1987-03-15,1987,3,26.0,Grenada
1987-04-15,1987,4,27.0,Grenada
1987-05-15,1987,5,27.4,Grenada
1987-06-15,1987,6,27.1,Grenada
1987-07-15,1987,7,26.9,Grenada
1987-08-15,1987,8,27.3,Grenada
1987-09-15,1987,9,27.4,Grenada
1987-10-15,1987,10,27.1,Grenada
1987-11-15,1987,11,26.5,Grenada
1987-12-15,1987,12,26.4,Grenada
1988-01-15,1988,1,25.1,Grenada
1988-02-15,1988,2,25.3,Grenada
1988-03-15,1988,3,25.6,Grenada
1988-04-15,1988,4,26.7,Grenada
1988-05-15,1988,5,27.5,Grenada
1988-06-15,1988,6,26.9,Grenada
1988-07-15,1988,7,26.8,Grenada
1988-08-15,1988,8,26.4,Grenada
1988-09-15,1988,9,26.7,Grenada
1988-10-15,1988,10,26.2,Grenada
1988-11-15,1988,11,26.2,Grenada
1988-12-15,1988,12,24.7,Grenada
1989-01-15,1989,1,24.4,Grenada
1989-02-15,1989,2,24.4,Grenada
1989-03-15,1989,3,25.1,Grenada
1989-04-15,1989,4,25.8,Grenada
1989-05-15,1989,5,26.3,Grenada
1989-06-15,1989,6,25.4,Grenada
1989-07-15,1989,7,26.8,Grenada
1989-08-15,1989,8,26.8,Grenada
1989-09-15,1989,9,27.0,Grenada
1989-10-15,1989,10,26.7,Grenada
1989-11-15,1989,11,25.7,Grenada
1989-12-15,1989,12,25.6,Grenada
1990-01-15,1990,1,24.9,Grenada
1990-02-15,1990,2,24.4,Grenada
1990-03-15,1990,3,25.2,Grenada
1990-04-15,1990,4,26.4,Grenada
1990-05-15,1990,5,27.3,Grenada
1990-06-15,1990,6,26.9,Grenada
1990-07-15,1990,7,26.8,Grenada
1990-08-15,1990,8,26.7,Grenada
1990-09-15,1990,9,27.3,Grenada
1990-10-15,1990,10,26.9,Grenada
1990-11-15,1990,11,26.4,Grenada
1990-12-15,1990,12,25.4,Grenada
1991-01-15,1991,1,24.9,Grenada
1991-02-15,1991,2,25.0,Grenada
1991-03-15,1991,3,25.7,Grenada
1991-04-15,1991,4,26.0,Grenada
1991-05-15,1991,5,26.8,Grenada
1991-06-15,1991,6,27.0,Grenada
1991-07-15,1991,7,26.6,Grenada
1991-08-15,1991,8,26.9,Grenada
1991-09-15,1991,9,26.9,Grenada
1991-10-15,1991,10,26.4,Grenada
1991-11-15,1991,11,25.9,Grenada
1991-12-15,1991,12,25.1,Grenada
1992-01-15,1992,1,24.8,Grenada
1992-02-15,1992,2,25.1,Grenada
1992-03-15,1992,3,25.8,Grenada
1992-04-15,1992,4,26.6,Grenada
1992-05-15,1992,5,27.1,Grenada
1992-06-15,1992,6,26.6,Grenada
1992-07-15,1992,7,26.6,Grenada
1992-08-15,1992,8,26.8,Grenada
1992-09-15,1992,9,26.8,Grenada
1992-10-15,1992,10,26.9,Grenada
1992-11-15,1992,11,26.2,Grenada
1992-12-15,1992,12,25.6,Grenada
1993-01-15,1993,1,25.1,Grenada
1993-02-15,1993,2,25.2,Grenada
1993-03-15,1993,3,25.9,Grenada
1993-04-15,1993,4,26.9,Grenada
1993-05-15,1993,5,27.5,Grenada
1993-06-15,1993,6,27.1,Grenada
1993-07-15,1993,7,26.8,Grenada
1993-08-15,1993,8,26.9,Grenada
1993-09-15,1993,9,26.9,Grenada
1993-10-15,1993,10,26.7,Grenada
1993-11-15,1993,11,25.8,Grenada
1993-12-15,1993,12,25.4,Grenada
1994-01-15,1994,1,24.7,Grenada
1994-02-15,1994,2,24.7,Grenada
1994-03-15,1994,3,25.5,Grenada
1994-04-15,1994,4,26.3,Grenada
1994-05-15,1994,5,27.0,Grenada
1994-06-15,1994,6,26.3,Grenada
1994-07-15,1994,7,26.3,Grenada
1994-08-15,1994,8,26.7,Grenada
1994-09-15,1994,9,26.6,Grenada
1994-10-15,1994,10,26.5,Grenada
1994-11-15,1994,11,26.4,Grenada
1994-12-15,1994,12,25.7,Grenada
1995-01-15,1995,1,25.2,Grenada
1995-02-15,1995,2,25.2,Grenada
1995-03-15,1995,3,25.4,Grenada
1995-04-15,1995,4,26.5,Grenada
1995-05-15,1995,5,27.5,Grenada
1995-06-15,1995,6,26.7,Grenada
1995-07-15,1995,7,26.9,Grenada
1995-08-15,1995,8,27.3,Grenada
1995-09-15,1995,9,27.0,Grenada
1995-10-15,1995,10,26.8,Grenada
1995-11-15,1995,11,26.5,Grenada
1995-12-15,1995,12,26.0,Grenada
1996-01-15,1996,1,25.4,Grenada
1996-02-15,1996,2,25.7,Grenada
1996-03-15,1996,3,25.9,Grenada
1996-04-15,1996,4,26.4,Grenada
1996-05-15,1996,5,26.7,Grenada
1996-06-15,1996,6,26.7,Grenada
1996-07-15,1996,7,26.6,Grenada
1996-08-15,1996,8,26.8,Grenada
1996-09-15,1996,9,27.2,Grenada
1996-10-15,1996,10,26.8,Grenada
1996-11-15,1996,11,26.2,Grenada
1996-12-15,1996,12,25.5,Grenada
1997-01-15,1997,1,25.2,Grenada
1997-02-15,1997,2,25.1,Grenada
1997-03-15,1997,3,25.1,Grenada
1997-04-15,1997,4,26.2,Grenada
1997-05-15,1997,5,27.2,Grenada
1997-06-15,1997,6,27.1,Grenada
1997-07-15,1997,7,26.7,Grenada
1997-08-15,1997,8,26.8,Grenada
1997-09-15,1997,9,27.4,Grenada
1997-10-15,1997,10,27.4,Grenada
1997-11-15,1997,11,26.6,Grenada
1997-12-15,1997,12,26.2,Grenada
1998-01-15,1998,1,25.8,Grenada
1998-02-15,1998,2,25.9,Grenada
1998-03-15,1998,3,26.4,Grenada
1998-04-15,1998,4,27.2,Grenada
1998-05-15,1998,5,27.7,Grenada
1998-06-15,1998,6,27.3,Grenada
1998-07-15,1998,7,27.0,Grenada
1998-08-15,1998,8,27.9,Grenada
1998-09-15,1998,9,27.4,Grenada
1998-10-15,1998,10,26.9,Grenada
1998-11-15,1998,11,26.4,Grenada
1998-12-15,1998,12,26.0,Grenada
1999-01-15,1999,1,25.0,Grenada
1999-02-15,1999,2,24.6,Grenada
1999-03-15,1999,3,25.7,Grenada
1999-04-15,1999,4,26.3,Grenada
1999-05-15,1999,5,27.3,Grenada
1999-06-15,1999,6,27.0,Grenada
1999-07-15,1999,7,26.8,Grenada
1999-08-15,1999,8,27.0,Grenada
1999-09-15,1999,9,27.4,Grenada
1999-10-15,1999,10,26.6,Grenada
1999-11-15,1999,11,26.5,Grenada
1999-12-15,1999,12,25.6,Grenada
2000-01-15,2000,1,24.9,Grenada
2000-02-15,2000,2,24.9,Grenada
2000-03-15,2000,3,25.3,Grenada
2000-04-15,2000,4,26.2,Grenada
2000-05-15,2000,5,27.0,Grenada
2000-06-15,2000,6,26.9,Grenada
2000-07-15,2000,7,27.0,Grenada
2000-08-15,2000,8,27.4,Grenada
2000-09-15,2000,9,27.2,Grenada
2000-10-15,2000,10,26.9,Grenada
2000-11-15,2000,11,26.1,Grenada
2000-12-15,2000,12,25.7,Grenada
2001-01-15,2001,1,25.3,Grenada
2001-02-15,2001,2,24.7,Grenada
2001-03-15,2001,3,26.0,Grenada
2001-04-15,2001,4,26.7,Grenada
2001-05-15,2001,5,27.9,Grenada
2001-06-15,2001,6,27.4,Grenada
2001-07-15,2001,7,27.3,Grenada
2001-08-15,2001,8,27.6,Grenada
2001-09-15,2001,9,27.5,Grenada
2001-10-15,2001,10,26.9,Grenada
2001-11-15,2001,11,26.4,Grenada
2001-12-15,2001,12,26.2,Grenada
2002-01-15,2002,1,25.7,Grenada
2002-02-15,2002,2,25.2,Grenada
2002-03-15,2002,3,26.1,Grenada
2002-04-15,2002,4,26.5,Grenada
2002-05-15,2002,5,27.1,Grenada
2002-06-15,2002,6,27.1,Grenada
2002-07-15,2002,7,27.0,Grenada
2002-08-15,2002,8,27.4,Grenada
2002-09-15,2002,9,27.6,Grenada
2002-10-15,2002,10,27.0,Grenada
2002-11-15,2002,11,26.6,Grenada
2002-12-15,2002,12,26.1,Grenada
2003-01-15,2003,1,25.8,Grenada
2003-02-15,2003,2,25.8,Grenada
2003-03-15,2003,3,26.1,Grenada
2003-04-15,2003,4,27.1,Grenada
2003-05-15,2003,5,27.5,Grenada
2003-06-15,2003,6,26.9,Grenada
2003-07-15,2003,7,26.6,Grenada
2003-08-15,2003,8,27.1,Grenada
2003-09-15,2003,9,27.5,Grenada
2003-10-15,2003,10,27.1,Grenada
2003-11-15,2003,11,26.7,Grenada
2003-12-15,2003,12,25.9,Grenada
2004-01-15,2004,1,25.2,Grenada
2004-02-15,2004,2,25.3,Grenada
2004-03-15,2004,3,25.9,Grenada
2004-04-15,2004,4,26.7,Grenada
2004-05-15,2004,5,26.9,Grenada
2004-06-15,2004,6,26.9,Grenada
2004-07-15,2004,7,26.8,Grenada
2004-08-15,2004,8,27.2,Grenada
2004-09-15,2004,9,27.2,Grenada
2004-10-15,2004,10,26.9,Grenada
2004-11-15,2004,11,26.1,Grenada
2004-12-15,2004,12,25.6,Grenada
2005-01-15,2005,1,25.2,Grenada
2005-02-15,2005,2,25.4,Grenada
2005-03-15,2005,3,26.5,Grenada
2005-04-15,2005,4,27.4,Grenada
2005-05-15,2005,5,27.9,Grenada
2005-06-15,2005,6,27.4,Grenada
2005-07-15,2005,7,27.2,Grenada
2005-08-15,2005,8,27.4,Grenada
2005-09-15,2005,9,27.8,Grenada
2005-10-15,2005,10,27.1,Grenada
2005-11-15,2005,11,26.1,Grenada
2005-12-15,2005,12,25.3,Grenada
2006-01-15,2006,1,25.0,Grenada
2006-02-15,2006,2,25.0,Grenada
2006-03-15,2006,3,25.8,Grenada
2006-04-15,2006,4,26.5,Grenada
2006-05-15,2006,5,27.5,Grenada
2006-06-15,2006,6,27.3,Grenada
2006-07-15,2006,7,27.0,Grenada
2006-08-15,2006,8,27.1,Grenada
2006-09-15,2006,9,27.4,Grenada
2006-10-15,2006,10,27.1,Grenada
2006-11-15,2006,11,26.5,Grenada
2006-12-15,2006,12,25.8,Grenada
2007-01-15,2007,1,25.2,Grenada
2007-02-15,2007,2,25.5,Grenada
2007-03-15,2007,3,26.1,Grenada
2007-04-15,2007,4,26.8,Grenada
2007-05-15,2007,5,27.8,Grenada
2007-06-15,2007,6,27.2,Grenada
2007-07-15,2007,7,26.6,Grenada
2007-08-15,2007,8,26.8,Grenada
2007-09-15,2007,9,27.0,Grenada
2007-10-15,2007,10,26.7,Grenada
2007-11-15,2007,11,26.4,Grenada
2007-12-15,2007,12,25.3,Grenada
2008-01-15,2008,1,24.9,Grenada
2008-02-15,2008,2,24.9,Grenada
2008-03-15,2008,3,25.2,Grenada
2008-04-15,2008,4,26.0,Grenada
2008-05-15,2008,5,27.0,Grenada
2008-06-15,2008,6,27.1,Grenada
2008-07-15,2008,7,26.8,Grenada
2008-08-15,2008,8,27.4,Grenada
2008-09-15,2008,9,27.4,Grenada
2008-10-15,2008,10,26.5,Grenada
2008-11-15,2008,11,26.2,Grenada
2008-12-15,2008,12,25.3,Grenada
2009-01-15,2009,1,25.4,Grenada
2009-02-15,2009,2,25.1,Grenada
2009-03-15,2009,3,25.4,Grenada
2009-04-15,2009,4,26.3,Grenada
2009-05-15,2009,5,27.2,Grenada
2009-06-15,2009,6,27.2,Grenada
2009-07-15,2009,7,27.3,Grenada
2009-08-15,2009,8,27.5,Grenada
2009-09-15,2009,9,27.6,Grenada
2009-10-15,2009,10,27.3,Grenada
2009-11-15,2009,11,26.8,Grenada
2009-12-15,2009,12,26.3,Grenada
2010-01-15,2010,1,25.8,Grenada
2010-02-15,2010,2,26.3,Grenada
2010-03-15,2010,3,27.1,Grenada
2010-04-15,2010,4,27.7,Grenada
2010-05-15,2010,5,28.0,Grenada
2010-06-15,2010,6,27.5,Grenada
2010-07-15,2010,7,27.3,Grenada
2010-08-15,2010,8,27.5,Grenada
2010-09-15,2010,9,27.1,Grenada
2010-10-15,2010,10,27.1,Grenada
2010-11-15,2010,11,26.2,Grenada
2010-12-15,2010,12,25.6,Grenada
2011-01-15,2011,1,25.3,Grenada
2011-02-15,2011,2,25.2,Grenada
2011-03-15,2011,3,25.3,Grenada
2011-04-15,2011,4,26.1,Grenada
2011-05-15,2011,5,27.2,Grenada
2011-06-15,2011,6,27.3,Grenada
2011-07-15,2011,7,26.9,Grenada
2011-08-15,2011,8,27.4,Grenada
2011-09-15,2011,9,27.4,Grenada
2011-10-15,2011,10,26.6,Grenada
2011-11-15,2011,11,26.4,Grenada
2011-12-15,2011,12,25.5,Grenada
2012-01-15,2012,1,25.1,Grenada
2012-02-15,2012,2,25.2,Grenada
2012-03-15,2012,3,25.7,Grenada
2012-04-15,2012,4,26.4,Grenada
2012-05-15,2012,5,27.0,Grenada
2012-06-15,2012,6,27.0,Grenada
2012-07-15,2012,7,27.1,Grenada
2012-08-15,2012,8,27.0,Grenada
2012-09-15,2012,9,27.4,Grenada
2012-10-15,2012,10,27.1,Grenada
2012-11-15,2012,11,26.9,Grenada
2012-12-15,2012,12,25.8,Grenada
2013-01-15,2013,1,25.2,Grenada
2013-02-15,2013,2,25.5,Grenada
2013-03-15,2013,3,26.2,Grenada
2013-04-15,2013,4,26.4,Grenada
2013-05-15,2013,5,27.1,Grenada
2013-06-15,2013,6,26.9,Grenada
2013-07-15,2013,7,27.1,Grenada
2013-08-15,2013,8,27.2,Grenada
2013-09-15,2013,9,27.7,Grenada
2013-10-15,2013,10,27.1,Grenada
2013-11-15,2013,11,26.2,Grenada
2013-12-15,2013,12,25.8,Grenada
2014-01-15,2014,1,25.2,Grenada
2014-02-15,2014,2,25.5,Grenada
2014-03-15,2014,3,25.9,Grenada
2014-04-15,2014,4,26.5,Grenada
2014-05-15,2014,5,26.9,Grenada
2014-06-15,2014,6,27.3,Grenada
2014-07-15,2014,7,26.9,Grenada
2014-08-15,2014,8,27.0,Grenada
2014-09-15,2014,9,27.2,Grenada
2014-10-15,2014,10,27.1,Grenada
2014-11-15,2014,11,26.4,Grenada
2014-12-15,2014,12,25.7,Grenada
2015-01-15,2015,1,25.6,Grenada
2015-02-15,2015,2,25.8,Grenada
2015-03-15,2015,3,25.7,Grenada
2015-04-15,2015,4,26.6,Grenada
2015-05-15,2015,5,27.3,Grenada
2015-06-15,2015,6,27.4,Grenada
2015-07-15,2015,7,27.0,Grenada
2015-08-15,2015,8,27.3,Grenada
2015-09-15,2015,9,27.8,Grenada
2015-10-15,2015,10,27.6,Grenada
2015-11-15,2015,11,26.6,Grenada
2015-12-15,2015,12,26.2,Grenada
2016-01-15,2016,1,25.6,Grenada
2016-02-15,2016,2,25.8,Grenada
2016-03-15,2016,3,26.3,Grenada
2016-04-15,2016,4,27.2,Grenada
2016-05-15,2016,5,27.6,Grenada
2016-06-15,2016,6,27.2,Grenada
2016-07-15,2016,7,27.2,Grenada
2016-08-15,2016,8,27.3,Grenada
2016-09-15,2016,9,27.7,Grenada
2016-10-15,2016,10,27.4,Grenada
2016-11-15,2016,11,26.6,Grenada
2016-12-15,2016,12,26.3,Grenada
2017-01-15,2017,1,24.9,Grenada
2017-02-15,2017,2,25.2,Grenada
2017-03-15,2017,3,25.8,Grenada
2017-04-15,2017,4,27.0,Grenada
2017-05-15,2017,5,27.4,Grenada
2017-06-15,2017,6,26.8,Grenada
2017-07-15,2017,7,26.9,Grenada
2017-08-15,2017,8,27.3,Grenada
2017-09-15,2017,9,27.3,Grenada
2017-10-15,2017,10,26.8,Grenada
2017-11-15,2017,11,26.5,Grenada
2017-12-15,2017,12,25.8,Grenada
2018-01-15,2018,1,25.1,Grenada
2018-02-15,2018,2,24.5,Grenada
2018-03-15,2018,3,25.8,Grenada
2018-04-15,2018,4,26.2,Grenada
2018-05-15,2018,5,26.5,Grenada
2018-06-15,2018,6,26.7,Grenada
2018-07-15,2018,7,26.5,Grenada
2018-08-15,2018,8,26.7,Grenada
2018-09-15,2018,9,27.0,Grenada
2018-10-15,2018,10,26.5,Grenada
2018-11-15,2018,11,26.3,Grenada
2018-12-15,2018,12,25.4,Grenada
2019-01-15,2019,1,24.8,Grenada
2019-02-15,2019,2,25.0,Grenada
2019-03-15,2019,3,25.7,Grenada
2019-04-15,2019,4,26.0,Grenada
2019-05-15,2019,5,27.0,Grenada
2019-06-15,2019,6,27.0,Grenada
2019-07-15,2019,7,26.9,Grenada
2019-08-15,2019,8,27.2,Grenada
2019-09-15,2019,9,27.6,Grenada
2019-10-15,2019,10,27.0,Grenada
2019-11-15,2019,11,26.6,Grenada
2019-12-15,2019,12,26.4,Grenada
2020-01-15,2020,1,25.4,Grenada
2020-02-15,2020,2,25.6,Grenada
2020-03-15,2020,3,25.6,Grenada
2020-04-15,2020,4,26.7,Grenada
2020-05-15,2020,5,27.5,Grenada
2020-06-15,2020,6,27.2,Grenada
2020-07-15,2020,7,27.0,Grenada
2020-08-15,2020,8,27.3,Grenada
2020-09-15,2020,9,27.6,Grenada
2020-10-15,2020,10,26.7,Grenada
2020-11-15,2020,11,26.1,Grenada
2020-12-15,2020,12,25.4,Grenada
2021-01-15,2021,1,25.0,Grenada
2021-02-15,2021,2,25.2,Grenada
2021-03-15,2021,3,25.4,Grenada
2021-04-15,2021,4,26.2,Grenada
2021-05-15,2021,5,26.7,Grenada
2021-06-15,2021,6,26.7,Grenada
2021-07-15,2021,7,26.8,Grenada
2021-08-15,2021,8,27.0,Grenada
2021-09-15,2021,9,27.4,Grenada
2021-10-15,2021,10,27.1,Grenada
2021-11-15,2021,11,26.4,Grenada
2021-12-15,2021,12,25.9,Grenada
2022-01-15,2022,1,24.8,Grenada
2022-02-15,2022,2,25.0,Grenada
2022-03-15,2022,3,25.6,Grenada
2022-04-15,2022,4,25.9,Grenada
2022-05-15,2022,5,27.0,Grenada
2022-06-15,2022,6,26.7,Grenada
2022-07-15,2022,7,26.7,Grenada
2022-08-15,2022,8,26.9,Grenada
2022-09-15,2022,9,26.9,Grenada
2022-10-15,2022,10,26.8,Grenada
2022-11-15,2022,11,26.1,Grenada
2022-12-15,2022,12,25.3,Grenada
2023-01-15,2023,1,24.7,Grenada
2023-02-15,2023,2,24.8,Grenada
2023-03-15,2023,3,25.6,Grenada
2023-04-15,2023,4,26.4,Grenada
2023-05-15,2023,5,27.5,Grenada
2023-06-15,2023,6,27.6,Grenada
2023-07-15,2023,7,27.4,Grenada
2023-08-15,2023,8,27.9,Grenada
2023-09-15,2023,9,28.4,Grenada
2023-10-15,2023,10,27.9,Grenada
2023-11-15,2023,11,26.9,Grenada
2023-12-15,2023,12,25.9,Grenada
2024-01-15,2024,1,26.1,Grenada
2024-02-15,2024,2,26.5,Grenada
2024-03-15,2024,3,26.6,Grenada
2024-04-15,2024,4,27.2,Grenada
2024-05-15,2024,5,28.3,Grenada
2024-06-15,2024,6,27.9,Grenada
2024-07-15,2024,7,27.7,Grenada
2024-08-15,2024,8,27.7,Grenada
2024-09-15,2024,9,27.9,Grenada
2024-10-15,2024,10,27.8,Grenada
2024-11-15,2024,11,27.0,Grenada
2024-12-15,2024,12,26.1,Grenada
2025-01-15,2025,1,25.60428197421909,Grenada
2025-02-15,2025,2,25.59759262957013,Grenada
2025-03-15,2025,3,26.12982344141084,Grenada
2025-04-15,2025,4,26.86826950492381,Grenada
2025-05-15,2025,5,27.617745628019463,Grenada
2025-06-15,2025,6,27.314062349243063,Grenada
2025-07-15,2025,7,27.20299264907867,Grenada
2025-08-15,2025,8,27.420948604803737,Grenada
2025-09-15,2025,9,27.51401952313933,Grenada
2025-10-15,2025,10,27.12743553868419,Grenada
2025-11-15,2025,11,26.530517858195903,Grenada
2025-12-15,2025,12,25.781569098477792,Grenada
2026-01-15,2026,1,25.186720479462224,Grenada
2026-02-15,2026,2,25.159326573626416,Grenada
2026-03-15,2026,3,25.755603832790865,Grenada
2026-04-15,2026,4,26.512263126570588,Grenada
2026-05-15,2026,5,27.232982844287324,Grenada
2026-06-15,2026,6,26.93983845782278,Grenada
2026-07-15,2026,7,26.84001051760887,Grenada
2026-08-15,2026,8,27.08950499691544,Grenada
2026-09-15,2026,9,27.193241442518968,Grenada
2026-10-15,2026,10,26.79131026487004,Grenada
2026-11-15,2026,11,26.23266358239759,Grenada
2026-12-15,2026,12,25.53019707980247,Grenada
2027-01-15,2027,1,24.956622078957736,Grenada
2027-02-15,2027,2,24.9577722177819,Grenada
2027-03-15,2027,3,25.583601297498383,Grenada
2027-04-15,2027,4,26.35439639589437,Grenada
2027-05-15,2027,5,27.07806086601932,Grenada
2027-06-15,2027,6,26.788322233033966,Grenada
2027-07-15,2027,7,26.69061050176517,Grenada
2027-08-15,2027,8,26.94877772366302,Grenada
2027-09-15,2027,9,27.06855179920903,Grenada
2027-10-15,2027,10,26.68770704915232,Grenada
2027-11-15,2027,11,26.15767511246571,Grenada
2027-12-15,2027,12,25.48739182285533,Grenada
2028-01-15,2028,1,24.931859433175397,Grenada
2028-02-15,2028,2,24.94327996899832,Grenada
2028-03-15,2028,3,25.57150898597281,Grenada
2028-04-15,2028,4,26.33714050989028,Grenada
2028-05-15,2028,5,27.05145891415636,Grenada
2028-06-15,2028,6,26.75217624185693,Grenada
2028-07-15,2028,7,26.64641931358199,Grenada
2028-08-15,2028,8,26.90033456331317,Grenada
2028-09-15,2028,9,27.01914039818984,Grenada
2028-10-15,2028,10,26.638095166880447,Grenada
2028-11-15,2028,11,26.10556569314869,Grenada
2028-12-15,2028,12,25.430085512718787,Grenada
2029-01-15,2029,1,24.87608662105468,Grenada
2029-02-15,2029,2,24.888911155928863,Grenada
2029-03-15,2029,3,25.518619848493323,Grenada
2029-04-15,2029,4,26.28567441468008,Grenada
2029-05-15,2029,5,27.001443935183367,Grenada
2029-06-15,2029,6,26.704035069165347,Grenada
2029-07-15,2029,7,26.599974729834532,Grenada
2029-08-15,2029,8,26.85553040769836,Grenada
2029-09-15,2029,9,26.97593121798898,Grenada
2029-10-15,2029,10,26.59634862258808,Grenada
2029-11-15,2029,11,26.064681518096567,Grenada
2029-12-15,2029,12,25.39031199565365,Grenada
